{
  "total": 89.69113251411491,
  "unbalanced (){}[]": 97.32433108277068,
  "invalid syntax": 90.27163613392293,
  "indentation error": 84.41414301569684
}