{
  "total": 81.66722019262703,
  "unbalanced (){}[]": 82.07051762940735,
  "invalid syntax": 83.9334596757212,
  "indentation error": 79.705089583003
}